{"count":1,"gauges":{},"self":76.634464,"total":80.0110923,"children":{"AgentResetIfDone":{"count":3972,"self":0.027578599999999998,"total":0.027578599999999998,"children":null},"AgentSendState":{"count":3972,"self":0.11632899999999999,"total":0.3428347,"children":{"CollectObservations":{"count":7944,"self":0.22650569999999998,"total":0.22650569999999998,"children":null}}},"DecideAction":{"count":3972,"self":2.9710956,"total":2.9710954999999997,"children":null},"AcademyStep":{"count":3972,"self":0.0039907,"total":0.0039907,"children":null},"AgentAct":{"count":3972,"self":0.0301331,"total":0.0301331,"children":null}}}