{"count":1,"gauges":{},"self":78.870137599999993,"total":82.388428199999993,"children":{"AgentResetIfDone":{"count":4108,"self":0.0179024,"total":0.0179024,"children":null},"AgentSendState":{"count":4108,"self":0.1094766,"total":0.3250635,"children":{"CollectObservations":{"count":8216,"self":0.2155869,"total":0.2155869,"children":null}}},"DecideAction":{"count":4108,"self":3.1363236,"total":3.1363235,"children":null},"AcademyStep":{"count":4108,"self":0.0070336999999999995,"total":0.0070336999999999995,"children":null},"AgentAct":{"count":4108,"self":0.030971699999999998,"total":0.030971699999999998,"children":null}}}