{"count":1,"gauges":{},"self":18.3882208,"total":18.520814299999998,"children":{"AgentResetIfDone":{"count":882,"self":0.0148703,"total":0.0148703,"children":null},"AgentSendState":{"count":882,"self":0.0220326,"total":0.1168393,"children":{"CollectObservations":{"count":882,"self":0.0948067,"total":0.0948067,"children":null}}}}}